--
-- PostgreSQL database dump
--

-- Dumped from database version 9.1.15
-- Dumped by pg_dump version 9.1.15
-- Started on 2015-08-03 18:23:39

SET statement_timeout = 0;
SET client_encoding = 'UTF8';
SET standard_conforming_strings = on;
SET check_function_bodies = false;
SET client_min_messages = warning;

--
-- TOC entry 200 (class 3079 OID 11639)
-- Name: plpgsql; Type: EXTENSION; Schema: -; Owner: 
--

CREATE EXTENSION IF NOT EXISTS plpgsql WITH SCHEMA pg_catalog;


--
-- TOC entry 2086 (class 0 OID 0)
-- Dependencies: 200
-- Name: EXTENSION plpgsql; Type: COMMENT; Schema: -; Owner: 
--

COMMENT ON EXTENSION plpgsql IS 'PL/pgSQL procedural language';


SET search_path = public, pg_catalog;

SET default_tablespace = '';

SET default_with_oids = false;

--
-- TOC entry 164 (class 1259 OID 28300)
-- Dependencies: 6
-- Name: categoria; Type: TABLE; Schema: public; Owner: postgres; Tablespace: 
--

CREATE TABLE categoria (
    id integer NOT NULL,
    nombre character varying NOT NULL
);


ALTER TABLE public.categoria OWNER TO postgres;

--
-- TOC entry 165 (class 1259 OID 28306)
-- Dependencies: 6 164
-- Name: categoria_id_seq; Type: SEQUENCE; Schema: public; Owner: postgres
--

CREATE SEQUENCE categoria_id_seq
    START WITH 1
    INCREMENT BY 1
    NO MINVALUE
    NO MAXVALUE
    CACHE 1;


ALTER TABLE public.categoria_id_seq OWNER TO postgres;

--
-- TOC entry 2087 (class 0 OID 0)
-- Dependencies: 165
-- Name: categoria_id_seq; Type: SEQUENCE OWNED BY; Schema: public; Owner: postgres
--

ALTER SEQUENCE categoria_id_seq OWNED BY categoria.id;


--
-- TOC entry 166 (class 1259 OID 28308)
-- Dependencies: 6
-- Name: inventario; Type: TABLE; Schema: public; Owner: postgres; Tablespace: 
--

CREATE TABLE inventario (
    id_inventario_p integer NOT NULL,
    producto_inventario integer NOT NULL,
    cantidad double precision NOT NULL
);


ALTER TABLE public.inventario OWNER TO postgres;

--
-- TOC entry 167 (class 1259 OID 28311)
-- Dependencies: 6 166
-- Name: inventario_id_inventario_p_seq; Type: SEQUENCE; Schema: public; Owner: postgres
--

CREATE SEQUENCE inventario_id_inventario_p_seq
    START WITH 1
    INCREMENT BY 1
    NO MINVALUE
    NO MAXVALUE
    CACHE 1;


ALTER TABLE public.inventario_id_inventario_p_seq OWNER TO postgres;

--
-- TOC entry 2088 (class 0 OID 0)
-- Dependencies: 167
-- Name: inventario_id_inventario_p_seq; Type: SEQUENCE OWNED BY; Schema: public; Owner: postgres
--

ALTER SEQUENCE inventario_id_inventario_p_seq OWNED BY inventario.id_inventario_p;


--
-- TOC entry 168 (class 1259 OID 28313)
-- Dependencies: 6
-- Name: kardex; Type: TABLE; Schema: public; Owner: postgres; Tablespace: 
--

CREATE TABLE kardex (
    id_kardex integer NOT NULL,
    stock double precision NOT NULL,
    producto_kardex integer,
    es_producto boolean NOT NULL,
    precio_salida double precision,
    precio_entrada double precision NOT NULL,
    provedor integer NOT NULL,
    cantidad_entrada double precision NOT NULL,
    cantidad_salida double precision,
    fecha_vencimiento date NOT NULL,
    cantidad_disponible double precision NOT NULL,
    iva double precision NOT NULL
);


ALTER TABLE public.kardex OWNER TO postgres;

--
-- TOC entry 169 (class 1259 OID 28316)
-- Dependencies: 168 6
-- Name: kardex_id_kardex_seq; Type: SEQUENCE; Schema: public; Owner: postgres
--

CREATE SEQUENCE kardex_id_kardex_seq
    START WITH 1
    INCREMENT BY 1
    NO MINVALUE
    NO MAXVALUE
    CACHE 1;


ALTER TABLE public.kardex_id_kardex_seq OWNER TO postgres;

--
-- TOC entry 2089 (class 0 OID 0)
-- Dependencies: 169
-- Name: kardex_id_kardex_seq; Type: SEQUENCE OWNED BY; Schema: public; Owner: postgres
--

ALTER SEQUENCE kardex_id_kardex_seq OWNED BY kardex.id_kardex;


--
-- TOC entry 170 (class 1259 OID 28318)
-- Dependencies: 6
-- Name: menu; Type: TABLE; Schema: public; Owner: postgres; Tablespace: 
--

CREATE TABLE menu (
    id_menu integer NOT NULL,
    descripcion character varying NOT NULL,
    url character varying NOT NULL,
    parent_id_menu integer NOT NULL
);


ALTER TABLE public.menu OWNER TO postgres;

--
-- TOC entry 163 (class 1259 OID 26955)
-- Dependencies: 6
-- Name: menu_id_menu_seq; Type: SEQUENCE; Schema: public; Owner: postgres
--

CREATE SEQUENCE menu_id_menu_seq
    START WITH 1
    INCREMENT BY 1
    NO MINVALUE
    NO MAXVALUE
    CACHE 1;


ALTER TABLE public.menu_id_menu_seq OWNER TO postgres;

--
-- TOC entry 171 (class 1259 OID 28324)
-- Dependencies: 6 170
-- Name: menu_id_menu_seq_1; Type: SEQUENCE; Schema: public; Owner: postgres
--

CREATE SEQUENCE menu_id_menu_seq_1
    START WITH 1
    INCREMENT BY 1
    NO MINVALUE
    NO MAXVALUE
    CACHE 1;


ALTER TABLE public.menu_id_menu_seq_1 OWNER TO postgres;

--
-- TOC entry 2090 (class 0 OID 0)
-- Dependencies: 171
-- Name: menu_id_menu_seq_1; Type: SEQUENCE OWNED BY; Schema: public; Owner: postgres
--

ALTER SEQUENCE menu_id_menu_seq_1 OWNED BY menu.id_menu;


--
-- TOC entry 172 (class 1259 OID 28326)
-- Dependencies: 6
-- Name: mesa; Type: TABLE; Schema: public; Owner: postgres; Tablespace: 
--

CREATE TABLE mesa (
    id_mesa integer NOT NULL,
    nombre character varying NOT NULL
);


ALTER TABLE public.mesa OWNER TO postgres;

--
-- TOC entry 173 (class 1259 OID 28332)
-- Dependencies: 6 172
-- Name: mesa_id_mesa_seq; Type: SEQUENCE; Schema: public; Owner: postgres
--

CREATE SEQUENCE mesa_id_mesa_seq
    START WITH 1
    INCREMENT BY 1
    NO MINVALUE
    NO MAXVALUE
    CACHE 1;


ALTER TABLE public.mesa_id_mesa_seq OWNER TO postgres;

--
-- TOC entry 2091 (class 0 OID 0)
-- Dependencies: 173
-- Name: mesa_id_mesa_seq; Type: SEQUENCE OWNED BY; Schema: public; Owner: postgres
--

ALTER SEQUENCE mesa_id_mesa_seq OWNED BY mesa.id_mesa;


--
-- TOC entry 174 (class 1259 OID 28334)
-- Dependencies: 6
-- Name: modo_pago; Type: TABLE; Schema: public; Owner: postgres; Tablespace: 
--

CREATE TABLE modo_pago (
    id_modo_pago integer NOT NULL,
    nombre character varying NOT NULL
);


ALTER TABLE public.modo_pago OWNER TO postgres;

--
-- TOC entry 199 (class 1259 OID 28577)
-- Dependencies: 6
-- Name: modo_pago_id_modo_pago_seq; Type: SEQUENCE; Schema: public; Owner: postgres
--

CREATE SEQUENCE modo_pago_id_modo_pago_seq
    START WITH 1
    INCREMENT BY 1
    NO MINVALUE
    NO MAXVALUE
    CACHE 1;


ALTER TABLE public.modo_pago_id_modo_pago_seq OWNER TO postgres;

--
-- TOC entry 175 (class 1259 OID 28340)
-- Dependencies: 6
-- Name: producto; Type: TABLE; Schema: public; Owner: postgres; Tablespace: 
--

CREATE TABLE producto (
    id integer NOT NULL,
    nombre character varying NOT NULL,
    costo_proceso double precision NOT NULL,
    sabor character varying NOT NULL,
    tamanio double precision NOT NULL,
    adicional boolean NOT NULL,
    calorias character varying NOT NULL,
    costo_total double precision NOT NULL,
    receta_fk integer,
    costo_venta double precision NOT NULL,
    unidad integer NOT NULL,
    iva double precision
);


ALTER TABLE public.producto OWNER TO postgres;

--
-- TOC entry 176 (class 1259 OID 28346)
-- Dependencies: 6 175
-- Name: producto_id_seq; Type: SEQUENCE; Schema: public; Owner: postgres
--

CREATE SEQUENCE producto_id_seq
    START WITH 1
    INCREMENT BY 1
    NO MINVALUE
    NO MAXVALUE
    CACHE 1;


ALTER TABLE public.producto_id_seq OWNER TO postgres;

--
-- TOC entry 2092 (class 0 OID 0)
-- Dependencies: 176
-- Name: producto_id_seq; Type: SEQUENCE OWNED BY; Schema: public; Owner: postgres
--

ALTER SEQUENCE producto_id_seq OWNED BY producto.id;


--
-- TOC entry 177 (class 1259 OID 28348)
-- Dependencies: 6
-- Name: provedor; Type: TABLE; Schema: public; Owner: postgres; Tablespace: 
--

CREATE TABLE provedor (
    id_provedor integer NOT NULL,
    nombre character varying NOT NULL
);


ALTER TABLE public.provedor OWNER TO postgres;

--
-- TOC entry 178 (class 1259 OID 28354)
-- Dependencies: 6 177
-- Name: provedor_id_provedor_seq; Type: SEQUENCE; Schema: public; Owner: postgres
--

CREATE SEQUENCE provedor_id_provedor_seq
    START WITH 1
    INCREMENT BY 1
    NO MINVALUE
    NO MAXVALUE
    CACHE 1;


ALTER TABLE public.provedor_id_provedor_seq OWNER TO postgres;

--
-- TOC entry 2093 (class 0 OID 0)
-- Dependencies: 178
-- Name: provedor_id_provedor_seq; Type: SEQUENCE OWNED BY; Schema: public; Owner: postgres
--

ALTER SEQUENCE provedor_id_provedor_seq OWNED BY provedor.id_provedor;


--
-- TOC entry 179 (class 1259 OID 28356)
-- Dependencies: 6
-- Name: provedor_id_seq; Type: SEQUENCE; Schema: public; Owner: postgres
--

CREATE SEQUENCE provedor_id_seq
    START WITH 1
    INCREMENT BY 1
    NO MINVALUE
    NO MAXVALUE
    CACHE 1;


ALTER TABLE public.provedor_id_seq OWNER TO postgres;

--
-- TOC entry 180 (class 1259 OID 28358)
-- Dependencies: 6
-- Name: receta; Type: TABLE; Schema: public; Owner: postgres; Tablespace: 
--

CREATE TABLE receta (
    id_receta integer NOT NULL,
    nombre character varying NOT NULL,
    descripcion character varying NOT NULL
);


ALTER TABLE public.receta OWNER TO postgres;

--
-- TOC entry 181 (class 1259 OID 28364)
-- Dependencies: 6
-- Name: receta_det; Type: TABLE; Schema: public; Owner: postgres; Tablespace: 
--

CREATE TABLE receta_det (
    id_receta_det integer NOT NULL,
    receta integer NOT NULL,
    cantidad double precision NOT NULL,
    producto_receta integer NOT NULL
);


ALTER TABLE public.receta_det OWNER TO postgres;

--
-- TOC entry 182 (class 1259 OID 28367)
-- Dependencies: 6 181
-- Name: receta_det_id_receta_det_seq; Type: SEQUENCE; Schema: public; Owner: postgres
--

CREATE SEQUENCE receta_det_id_receta_det_seq
    START WITH 1
    INCREMENT BY 1
    NO MINVALUE
    NO MAXVALUE
    CACHE 1;


ALTER TABLE public.receta_det_id_receta_det_seq OWNER TO postgres;

--
-- TOC entry 2094 (class 0 OID 0)
-- Dependencies: 182
-- Name: receta_det_id_receta_det_seq; Type: SEQUENCE OWNED BY; Schema: public; Owner: postgres
--

ALTER SEQUENCE receta_det_id_receta_det_seq OWNED BY receta_det.id_receta_det;


--
-- TOC entry 183 (class 1259 OID 28369)
-- Dependencies: 6 180
-- Name: receta_id_receta_seq; Type: SEQUENCE; Schema: public; Owner: postgres
--

CREATE SEQUENCE receta_id_receta_seq
    START WITH 1
    INCREMENT BY 1
    NO MINVALUE
    NO MAXVALUE
    CACHE 1;


ALTER TABLE public.receta_id_receta_seq OWNER TO postgres;

--
-- TOC entry 2095 (class 0 OID 0)
-- Dependencies: 183
-- Name: receta_id_receta_seq; Type: SEQUENCE OWNED BY; Schema: public; Owner: postgres
--

ALTER SEQUENCE receta_id_receta_seq OWNED BY receta.id_receta;


--
-- TOC entry 184 (class 1259 OID 28371)
-- Dependencies: 6
-- Name: rol_soft_menu; Type: TABLE; Schema: public; Owner: postgres; Tablespace: 
--

CREATE TABLE rol_soft_menu (
    id_rol_soft_menu integer NOT NULL,
    menu integer NOT NULL,
    rol integer NOT NULL
);


ALTER TABLE public.rol_soft_menu OWNER TO postgres;

--
-- TOC entry 185 (class 1259 OID 28374)
-- Dependencies: 184 6
-- Name: rol_soft_menu_id_rol_soft_menu_seq_1; Type: SEQUENCE; Schema: public; Owner: postgres
--

CREATE SEQUENCE rol_soft_menu_id_rol_soft_menu_seq_1
    START WITH 1
    INCREMENT BY 1
    NO MINVALUE
    NO MAXVALUE
    CACHE 1;


ALTER TABLE public.rol_soft_menu_id_rol_soft_menu_seq_1 OWNER TO postgres;

--
-- TOC entry 2096 (class 0 OID 0)
-- Dependencies: 185
-- Name: rol_soft_menu_id_rol_soft_menu_seq_1; Type: SEQUENCE OWNED BY; Schema: public; Owner: postgres
--

ALTER SEQUENCE rol_soft_menu_id_rol_soft_menu_seq_1 OWNED BY rol_soft_menu.id_rol_soft_menu;


--
-- TOC entry 186 (class 1259 OID 28376)
-- Dependencies: 6
-- Name: rol_software; Type: TABLE; Schema: public; Owner: postgres; Tablespace: 
--

CREATE TABLE rol_software (
    id integer NOT NULL,
    descripcion character varying NOT NULL
);


ALTER TABLE public.rol_software OWNER TO postgres;

--
-- TOC entry 161 (class 1259 OID 26951)
-- Dependencies: 6
-- Name: rol_software_id_rol_seq; Type: SEQUENCE; Schema: public; Owner: postgres
--

CREATE SEQUENCE rol_software_id_rol_seq
    START WITH 1
    INCREMENT BY 1
    NO MINVALUE
    NO MAXVALUE
    CACHE 1;


ALTER TABLE public.rol_software_id_rol_seq OWNER TO postgres;

--
-- TOC entry 187 (class 1259 OID 28382)
-- Dependencies: 186 6
-- Name: rol_software_id_seq_1; Type: SEQUENCE; Schema: public; Owner: postgres
--

CREATE SEQUENCE rol_software_id_seq_1
    START WITH 1
    INCREMENT BY 1
    NO MINVALUE
    NO MAXVALUE
    CACHE 1;


ALTER TABLE public.rol_software_id_seq_1 OWNER TO postgres;

--
-- TOC entry 2097 (class 0 OID 0)
-- Dependencies: 187
-- Name: rol_software_id_seq_1; Type: SEQUENCE OWNED BY; Schema: public; Owner: postgres
--

ALTER SEQUENCE rol_software_id_seq_1 OWNED BY rol_software.id;


--
-- TOC entry 188 (class 1259 OID 28384)
-- Dependencies: 6
-- Name: t_producto_categoria; Type: TABLE; Schema: public; Owner: postgres; Tablespace: 
--

CREATE TABLE t_producto_categoria (
    id integer NOT NULL,
    id_categoria integer NOT NULL,
    id_producto integer NOT NULL
);


ALTER TABLE public.t_producto_categoria OWNER TO postgres;

--
-- TOC entry 189 (class 1259 OID 28387)
-- Dependencies: 188 6
-- Name: t_producto_categoria_id_seq; Type: SEQUENCE; Schema: public; Owner: postgres
--

CREATE SEQUENCE t_producto_categoria_id_seq
    START WITH 1
    INCREMENT BY 1
    NO MINVALUE
    NO MAXVALUE
    CACHE 1;


ALTER TABLE public.t_producto_categoria_id_seq OWNER TO postgres;

--
-- TOC entry 2098 (class 0 OID 0)
-- Dependencies: 189
-- Name: t_producto_categoria_id_seq; Type: SEQUENCE OWNED BY; Schema: public; Owner: postgres
--

ALTER SEQUENCE t_producto_categoria_id_seq OWNED BY t_producto_categoria.id;


--
-- TOC entry 190 (class 1259 OID 28389)
-- Dependencies: 6
-- Name: unidad; Type: TABLE; Schema: public; Owner: postgres; Tablespace: 
--

CREATE TABLE unidad (
    id_unidad integer NOT NULL,
    nombre character varying NOT NULL
);


ALTER TABLE public.unidad OWNER TO postgres;

--
-- TOC entry 191 (class 1259 OID 28395)
-- Dependencies: 6 190
-- Name: unidad_id_unidad_seq; Type: SEQUENCE; Schema: public; Owner: postgres
--

CREATE SEQUENCE unidad_id_unidad_seq
    START WITH 1
    INCREMENT BY 1
    NO MINVALUE
    NO MAXVALUE
    CACHE 1;


ALTER TABLE public.unidad_id_unidad_seq OWNER TO postgres;

--
-- TOC entry 2099 (class 0 OID 0)
-- Dependencies: 191
-- Name: unidad_id_unidad_seq; Type: SEQUENCE OWNED BY; Schema: public; Owner: postgres
--

ALTER SEQUENCE unidad_id_unidad_seq OWNED BY unidad.id_unidad;


--
-- TOC entry 192 (class 1259 OID 28397)
-- Dependencies: 6
-- Name: usuario; Type: TABLE; Schema: public; Owner: postgres; Tablespace: 
--

CREATE TABLE usuario (
    usuario character varying NOT NULL,
    nombres character varying NOT NULL,
    apellidos character varying NOT NULL,
    correo character varying NOT NULL,
    profesion character varying NOT NULL,
    fecha_creacion date NOT NULL,
    estado smallint NOT NULL,
    clave character varying NOT NULL,
    rol integer
);


ALTER TABLE public.usuario OWNER TO postgres;

--
-- TOC entry 2100 (class 0 OID 0)
-- Dependencies: 192
-- Name: COLUMN usuario.rol; Type: COMMENT; Schema: public; Owner: postgres
--

COMMENT ON COLUMN usuario.rol IS '1 adminsitrador
2 cajero
3 mesero
4 cliente';


--
-- TOC entry 193 (class 1259 OID 28403)
-- Dependencies: 6
-- Name: usuario_rol_software; Type: TABLE; Schema: public; Owner: postgres; Tablespace: 
--

CREATE TABLE usuario_rol_software (
    id_usuario_rol_software integer NOT NULL,
    id_rol integer NOT NULL,
    usuario character varying NOT NULL
);


ALTER TABLE public.usuario_rol_software OWNER TO postgres;

--
-- TOC entry 194 (class 1259 OID 28409)
-- Dependencies: 193 6
-- Name: usuario_rol_software_id_usuario_rol_software_seq; Type: SEQUENCE; Schema: public; Owner: postgres
--

CREATE SEQUENCE usuario_rol_software_id_usuario_rol_software_seq
    START WITH 1
    INCREMENT BY 1
    NO MINVALUE
    NO MAXVALUE
    CACHE 1;


ALTER TABLE public.usuario_rol_software_id_usuario_rol_software_seq OWNER TO postgres;

--
-- TOC entry 2101 (class 0 OID 0)
-- Dependencies: 194
-- Name: usuario_rol_software_id_usuario_rol_software_seq; Type: SEQUENCE OWNED BY; Schema: public; Owner: postgres
--

ALTER SEQUENCE usuario_rol_software_id_usuario_rol_software_seq OWNED BY usuario_rol_software.id_usuario_rol_software;


--
-- TOC entry 162 (class 1259 OID 26953)
-- Dependencies: 6
-- Name: usuario_rol_software_id_usuario_rol_softwarre_seq; Type: SEQUENCE; Schema: public; Owner: postgres
--

CREATE SEQUENCE usuario_rol_software_id_usuario_rol_softwarre_seq
    START WITH 1
    INCREMENT BY 1
    NO MINVALUE
    NO MAXVALUE
    CACHE 1;


ALTER TABLE public.usuario_rol_software_id_usuario_rol_softwarre_seq OWNER TO postgres;

--
-- TOC entry 195 (class 1259 OID 28411)
-- Dependencies: 6
-- Name: venta_detalle; Type: TABLE; Schema: public; Owner: postgres; Tablespace: 
--

CREATE TABLE venta_detalle (
    venta integer NOT NULL,
    producto integer NOT NULL,
    iva double precision NOT NULL,
    cantidad double precision NOT NULL,
    descuento double precision NOT NULL,
    id_venta_detalle integer NOT NULL
);


ALTER TABLE public.venta_detalle OWNER TO postgres;

--
-- TOC entry 196 (class 1259 OID 28414)
-- Dependencies: 6 195
-- Name: venta_detalle_id_venta_detalle_seq; Type: SEQUENCE; Schema: public; Owner: postgres
--

CREATE SEQUENCE venta_detalle_id_venta_detalle_seq
    START WITH 1
    INCREMENT BY 1
    NO MINVALUE
    NO MAXVALUE
    CACHE 1;


ALTER TABLE public.venta_detalle_id_venta_detalle_seq OWNER TO postgres;

--
-- TOC entry 2102 (class 0 OID 0)
-- Dependencies: 196
-- Name: venta_detalle_id_venta_detalle_seq; Type: SEQUENCE OWNED BY; Schema: public; Owner: postgres
--

ALTER SEQUENCE venta_detalle_id_venta_detalle_seq OWNED BY venta_detalle.id_venta_detalle;


--
-- TOC entry 197 (class 1259 OID 28416)
-- Dependencies: 6
-- Name: ventas; Type: TABLE; Schema: public; Owner: postgres; Tablespace: 
--

CREATE TABLE ventas (
    id_venta integer NOT NULL,
    factura character varying NOT NULL,
    fecha date NOT NULL,
    mesa integer NOT NULL,
    cliente character varying NOT NULL,
    mesero character varying NOT NULL,
    subtotal double precision NOT NULL,
    iva double precision NOT NULL,
    descuento double precision NOT NULL,
    total double precision NOT NULL,
    modo_pago integer NOT NULL
);


ALTER TABLE public.ventas OWNER TO postgres;

--
-- TOC entry 198 (class 1259 OID 28422)
-- Dependencies: 197 6
-- Name: ventas_id_venta_seq; Type: SEQUENCE; Schema: public; Owner: postgres
--

CREATE SEQUENCE ventas_id_venta_seq
    START WITH 1
    INCREMENT BY 1
    NO MINVALUE
    NO MAXVALUE
    CACHE 1;


ALTER TABLE public.ventas_id_venta_seq OWNER TO postgres;

--
-- TOC entry 2103 (class 0 OID 0)
-- Dependencies: 198
-- Name: ventas_id_venta_seq; Type: SEQUENCE OWNED BY; Schema: public; Owner: postgres
--

ALTER SEQUENCE ventas_id_venta_seq OWNED BY ventas.id_venta;


--
-- TOC entry 1867 (class 2604 OID 28424)
-- Dependencies: 165 164
-- Name: id; Type: DEFAULT; Schema: public; Owner: postgres
--

ALTER TABLE ONLY categoria ALTER COLUMN id SET DEFAULT nextval('categoria_id_seq'::regclass);


--
-- TOC entry 1868 (class 2604 OID 28425)
-- Dependencies: 167 166
-- Name: id_inventario_p; Type: DEFAULT; Schema: public; Owner: postgres
--

ALTER TABLE ONLY inventario ALTER COLUMN id_inventario_p SET DEFAULT nextval('inventario_id_inventario_p_seq'::regclass);


--
-- TOC entry 1869 (class 2604 OID 28426)
-- Dependencies: 169 168
-- Name: id_kardex; Type: DEFAULT; Schema: public; Owner: postgres
--

ALTER TABLE ONLY kardex ALTER COLUMN id_kardex SET DEFAULT nextval('kardex_id_kardex_seq'::regclass);


--
-- TOC entry 1870 (class 2604 OID 28427)
-- Dependencies: 171 170
-- Name: id_menu; Type: DEFAULT; Schema: public; Owner: postgres
--

ALTER TABLE ONLY menu ALTER COLUMN id_menu SET DEFAULT nextval('menu_id_menu_seq_1'::regclass);


--
-- TOC entry 1871 (class 2604 OID 28428)
-- Dependencies: 173 172
-- Name: id_mesa; Type: DEFAULT; Schema: public; Owner: postgres
--

ALTER TABLE ONLY mesa ALTER COLUMN id_mesa SET DEFAULT nextval('mesa_id_mesa_seq'::regclass);


--
-- TOC entry 1872 (class 2604 OID 28429)
-- Dependencies: 176 175
-- Name: id; Type: DEFAULT; Schema: public; Owner: postgres
--

ALTER TABLE ONLY producto ALTER COLUMN id SET DEFAULT nextval('producto_id_seq'::regclass);


--
-- TOC entry 1873 (class 2604 OID 28430)
-- Dependencies: 178 177
-- Name: id_provedor; Type: DEFAULT; Schema: public; Owner: postgres
--

ALTER TABLE ONLY provedor ALTER COLUMN id_provedor SET DEFAULT nextval('provedor_id_provedor_seq'::regclass);


--
-- TOC entry 1874 (class 2604 OID 28431)
-- Dependencies: 183 180
-- Name: id_receta; Type: DEFAULT; Schema: public; Owner: postgres
--

ALTER TABLE ONLY receta ALTER COLUMN id_receta SET DEFAULT nextval('receta_id_receta_seq'::regclass);


--
-- TOC entry 1875 (class 2604 OID 28432)
-- Dependencies: 182 181
-- Name: id_receta_det; Type: DEFAULT; Schema: public; Owner: postgres
--

ALTER TABLE ONLY receta_det ALTER COLUMN id_receta_det SET DEFAULT nextval('receta_det_id_receta_det_seq'::regclass);


--
-- TOC entry 1876 (class 2604 OID 28433)
-- Dependencies: 185 184
-- Name: id_rol_soft_menu; Type: DEFAULT; Schema: public; Owner: postgres
--

ALTER TABLE ONLY rol_soft_menu ALTER COLUMN id_rol_soft_menu SET DEFAULT nextval('rol_soft_menu_id_rol_soft_menu_seq_1'::regclass);


--
-- TOC entry 1877 (class 2604 OID 28434)
-- Dependencies: 187 186
-- Name: id; Type: DEFAULT; Schema: public; Owner: postgres
--

ALTER TABLE ONLY rol_software ALTER COLUMN id SET DEFAULT nextval('rol_software_id_seq_1'::regclass);


--
-- TOC entry 1878 (class 2604 OID 28435)
-- Dependencies: 189 188
-- Name: id; Type: DEFAULT; Schema: public; Owner: postgres
--

ALTER TABLE ONLY t_producto_categoria ALTER COLUMN id SET DEFAULT nextval('t_producto_categoria_id_seq'::regclass);


--
-- TOC entry 1879 (class 2604 OID 28436)
-- Dependencies: 191 190
-- Name: id_unidad; Type: DEFAULT; Schema: public; Owner: postgres
--

ALTER TABLE ONLY unidad ALTER COLUMN id_unidad SET DEFAULT nextval('unidad_id_unidad_seq'::regclass);


--
-- TOC entry 1880 (class 2604 OID 28437)
-- Dependencies: 194 193
-- Name: id_usuario_rol_software; Type: DEFAULT; Schema: public; Owner: postgres
--

ALTER TABLE ONLY usuario_rol_software ALTER COLUMN id_usuario_rol_software SET DEFAULT nextval('usuario_rol_software_id_usuario_rol_software_seq'::regclass);


--
-- TOC entry 1881 (class 2604 OID 28438)
-- Dependencies: 196 195
-- Name: id_venta_detalle; Type: DEFAULT; Schema: public; Owner: postgres
--

ALTER TABLE ONLY venta_detalle ALTER COLUMN id_venta_detalle SET DEFAULT nextval('venta_detalle_id_venta_detalle_seq'::regclass);


--
-- TOC entry 1882 (class 2604 OID 28439)
-- Dependencies: 198 197
-- Name: id_venta; Type: DEFAULT; Schema: public; Owner: postgres
--

ALTER TABLE ONLY ventas ALTER COLUMN id_venta SET DEFAULT nextval('ventas_id_venta_seq'::regclass);


--
-- TOC entry 2043 (class 0 OID 28300)
-- Dependencies: 164 2079
-- Data for Name: categoria; Type: TABLE DATA; Schema: public; Owner: postgres
--

COPY categoria (id, nombre) FROM stdin;
17	Hamburguesas
18	Ingredientes
19	Suministros
20	Carnes
21	Verduras
\.


--
-- TOC entry 2104 (class 0 OID 0)
-- Dependencies: 165
-- Name: categoria_id_seq; Type: SEQUENCE SET; Schema: public; Owner: postgres
--

SELECT pg_catalog.setval('categoria_id_seq', 1, false);


--
-- TOC entry 2045 (class 0 OID 28308)
-- Dependencies: 166 2079
-- Data for Name: inventario; Type: TABLE DATA; Schema: public; Owner: postgres
--

COPY inventario (id_inventario_p, producto_inventario, cantidad) FROM stdin;
\.


--
-- TOC entry 2105 (class 0 OID 0)
-- Dependencies: 167
-- Name: inventario_id_inventario_p_seq; Type: SEQUENCE SET; Schema: public; Owner: postgres
--

SELECT pg_catalog.setval('inventario_id_inventario_p_seq', 1, false);


--
-- TOC entry 2047 (class 0 OID 28313)
-- Dependencies: 168 2079
-- Data for Name: kardex; Type: TABLE DATA; Schema: public; Owner: postgres
--

COPY kardex (id_kardex, stock, producto_kardex, es_producto, precio_salida, precio_entrada, provedor, cantidad_entrada, cantidad_salida, fecha_vencimiento, cantidad_disponible, iva) FROM stdin;
\.


--
-- TOC entry 2106 (class 0 OID 0)
-- Dependencies: 169
-- Name: kardex_id_kardex_seq; Type: SEQUENCE SET; Schema: public; Owner: postgres
--

SELECT pg_catalog.setval('kardex_id_kardex_seq', 21, true);


--
-- TOC entry 2049 (class 0 OID 28318)
-- Dependencies: 170 2079
-- Data for Name: menu; Type: TABLE DATA; Schema: public; Owner: postgres
--

COPY menu (id_menu, descripcion, url, parent_id_menu) FROM stdin;
\.


--
-- TOC entry 2107 (class 0 OID 0)
-- Dependencies: 163
-- Name: menu_id_menu_seq; Type: SEQUENCE SET; Schema: public; Owner: postgres
--

SELECT pg_catalog.setval('menu_id_menu_seq', 1, false);


--
-- TOC entry 2108 (class 0 OID 0)
-- Dependencies: 171
-- Name: menu_id_menu_seq_1; Type: SEQUENCE SET; Schema: public; Owner: postgres
--

SELECT pg_catalog.setval('menu_id_menu_seq_1', 1, false);


--
-- TOC entry 2051 (class 0 OID 28326)
-- Dependencies: 172 2079
-- Data for Name: mesa; Type: TABLE DATA; Schema: public; Owner: postgres
--

COPY mesa (id_mesa, nombre) FROM stdin;
1	Mesa Uno
2	Mesa Dos
3	Mesa Tres
9	mesa cuatro
\.


--
-- TOC entry 2109 (class 0 OID 0)
-- Dependencies: 173
-- Name: mesa_id_mesa_seq; Type: SEQUENCE SET; Schema: public; Owner: postgres
--

SELECT pg_catalog.setval('mesa_id_mesa_seq', 9, true);


--
-- TOC entry 2053 (class 0 OID 28334)
-- Dependencies: 174 2079
-- Data for Name: modo_pago; Type: TABLE DATA; Schema: public; Owner: postgres
--

COPY modo_pago (id_modo_pago, nombre) FROM stdin;
1	Efectivo
5	Cheque
\.


--
-- TOC entry 2110 (class 0 OID 0)
-- Dependencies: 199
-- Name: modo_pago_id_modo_pago_seq; Type: SEQUENCE SET; Schema: public; Owner: postgres
--

SELECT pg_catalog.setval('modo_pago_id_modo_pago_seq', 5, true);


--
-- TOC entry 2054 (class 0 OID 28340)
-- Dependencies: 175 2079
-- Data for Name: producto; Type: TABLE DATA; Schema: public; Owner: postgres
--

COPY producto (id, nombre, costo_proceso, sabor, tamanio, adicional, calorias, costo_total, receta_fk, costo_venta, unidad, iva) FROM stdin;
5	Carne Magra roja	0	Sobrebarriga	1000	f	100	0	\N	500	1	\N
6	dasd	0	asda	123	f	113	0	\N	123	1	0
7	Sal	0	Sal	1000	f	100	0	\N	800	1	\N
8	Sal	0	Sal	1000	f	100	0	\N	800	1	\N
9	Cebolla	0	Cebolla	1000	f	100	0	\N	1000	1	\N
\.


--
-- TOC entry 2111 (class 0 OID 0)
-- Dependencies: 176
-- Name: producto_id_seq; Type: SEQUENCE SET; Schema: public; Owner: postgres
--

SELECT pg_catalog.setval('producto_id_seq', 9, true);


--
-- TOC entry 2056 (class 0 OID 28348)
-- Dependencies: 177 2079
-- Data for Name: provedor; Type: TABLE DATA; Schema: public; Owner: postgres
--

COPY provedor (id_provedor, nombre) FROM stdin;
1	Limoneros Bananeros
\.


--
-- TOC entry 2112 (class 0 OID 0)
-- Dependencies: 178
-- Name: provedor_id_provedor_seq; Type: SEQUENCE SET; Schema: public; Owner: postgres
--

SELECT pg_catalog.setval('provedor_id_provedor_seq', 1, false);


--
-- TOC entry 2113 (class 0 OID 0)
-- Dependencies: 179
-- Name: provedor_id_seq; Type: SEQUENCE SET; Schema: public; Owner: postgres
--

SELECT pg_catalog.setval('provedor_id_seq', 1, false);


--
-- TOC entry 2059 (class 0 OID 28358)
-- Dependencies: 180 2079
-- Data for Name: receta; Type: TABLE DATA; Schema: public; Owner: postgres
--

COPY receta (id_receta, nombre, descripcion) FROM stdin;
\.


--
-- TOC entry 2060 (class 0 OID 28364)
-- Dependencies: 181 2079
-- Data for Name: receta_det; Type: TABLE DATA; Schema: public; Owner: postgres
--

COPY receta_det (id_receta_det, receta, cantidad, producto_receta) FROM stdin;
\.


--
-- TOC entry 2114 (class 0 OID 0)
-- Dependencies: 182
-- Name: receta_det_id_receta_det_seq; Type: SEQUENCE SET; Schema: public; Owner: postgres
--

SELECT pg_catalog.setval('receta_det_id_receta_det_seq', 1, false);


--
-- TOC entry 2115 (class 0 OID 0)
-- Dependencies: 183
-- Name: receta_id_receta_seq; Type: SEQUENCE SET; Schema: public; Owner: postgres
--

SELECT pg_catalog.setval('receta_id_receta_seq', 1, false);


--
-- TOC entry 2063 (class 0 OID 28371)
-- Dependencies: 184 2079
-- Data for Name: rol_soft_menu; Type: TABLE DATA; Schema: public; Owner: postgres
--

COPY rol_soft_menu (id_rol_soft_menu, menu, rol) FROM stdin;
\.


--
-- TOC entry 2116 (class 0 OID 0)
-- Dependencies: 185
-- Name: rol_soft_menu_id_rol_soft_menu_seq_1; Type: SEQUENCE SET; Schema: public; Owner: postgres
--

SELECT pg_catalog.setval('rol_soft_menu_id_rol_soft_menu_seq_1', 1, false);


--
-- TOC entry 2065 (class 0 OID 28376)
-- Dependencies: 186 2079
-- Data for Name: rol_software; Type: TABLE DATA; Schema: public; Owner: postgres
--

COPY rol_software (id, descripcion) FROM stdin;
\.


--
-- TOC entry 2117 (class 0 OID 0)
-- Dependencies: 161
-- Name: rol_software_id_rol_seq; Type: SEQUENCE SET; Schema: public; Owner: postgres
--

SELECT pg_catalog.setval('rol_software_id_rol_seq', 1, false);


--
-- TOC entry 2118 (class 0 OID 0)
-- Dependencies: 187
-- Name: rol_software_id_seq_1; Type: SEQUENCE SET; Schema: public; Owner: postgres
--

SELECT pg_catalog.setval('rol_software_id_seq_1', 1, false);


--
-- TOC entry 2067 (class 0 OID 28384)
-- Dependencies: 188 2079
-- Data for Name: t_producto_categoria; Type: TABLE DATA; Schema: public; Owner: postgres
--

COPY t_producto_categoria (id, id_categoria, id_producto) FROM stdin;
12	18	5
13	17	6
14	18	7
15	18	8
16	18	9
\.


--
-- TOC entry 2119 (class 0 OID 0)
-- Dependencies: 189
-- Name: t_producto_categoria_id_seq; Type: SEQUENCE SET; Schema: public; Owner: postgres
--

SELECT pg_catalog.setval('t_producto_categoria_id_seq', 16, true);


--
-- TOC entry 2069 (class 0 OID 28389)
-- Dependencies: 190 2079
-- Data for Name: unidad; Type: TABLE DATA; Schema: public; Owner: postgres
--

COPY unidad (id_unidad, nombre) FROM stdin;
1	Gramos
11	Grado
13	Litros
14	Minuto
15	Segundos
\.


--
-- TOC entry 2120 (class 0 OID 0)
-- Dependencies: 191
-- Name: unidad_id_unidad_seq; Type: SEQUENCE SET; Schema: public; Owner: postgres
--

SELECT pg_catalog.setval('unidad_id_unidad_seq', 15, true);


--
-- TOC entry 2071 (class 0 OID 28397)
-- Dependencies: 192 2079
-- Data for Name: usuario; Type: TABLE DATA; Schema: public; Owner: postgres
--

COPY usuario (usuario, nombres, apellidos, correo, profesion, fecha_creacion, estado, clave, rol) FROM stdin;
1087415440	Jimmy Mateo	Guerrero Restrepo	jimaguere@hotmail.com	ing	2014-12-27	1	202cb962ac59075b964b07152d234b70	1
13071380	Pablo Andres	Gomez Rodriguez	soidneo@gmail.com	developer	2015-01-29	1	202cb962ac59075b964b07152d234b70	2
Julieta	Laura	Gomez Rodriguez	notiene	no tiene	2015-08-03	1	123	3
cajero	nombre1	apellido1	correo1	profesion	2015-01-31	1	202cb962ac59075b964b07152d234b70	3
\.


--
-- TOC entry 2072 (class 0 OID 28403)
-- Dependencies: 193 2079
-- Data for Name: usuario_rol_software; Type: TABLE DATA; Schema: public; Owner: postgres
--

COPY usuario_rol_software (id_usuario_rol_software, id_rol, usuario) FROM stdin;
\.


--
-- TOC entry 2121 (class 0 OID 0)
-- Dependencies: 194
-- Name: usuario_rol_software_id_usuario_rol_software_seq; Type: SEQUENCE SET; Schema: public; Owner: postgres
--

SELECT pg_catalog.setval('usuario_rol_software_id_usuario_rol_software_seq', 1, false);


--
-- TOC entry 2122 (class 0 OID 0)
-- Dependencies: 162
-- Name: usuario_rol_software_id_usuario_rol_softwarre_seq; Type: SEQUENCE SET; Schema: public; Owner: postgres
--

SELECT pg_catalog.setval('usuario_rol_software_id_usuario_rol_softwarre_seq', 1, false);


--
-- TOC entry 2074 (class 0 OID 28411)
-- Dependencies: 195 2079
-- Data for Name: venta_detalle; Type: TABLE DATA; Schema: public; Owner: postgres
--

COPY venta_detalle (venta, producto, iva, cantidad, descuento, id_venta_detalle) FROM stdin;
\.


--
-- TOC entry 2123 (class 0 OID 0)
-- Dependencies: 196
-- Name: venta_detalle_id_venta_detalle_seq; Type: SEQUENCE SET; Schema: public; Owner: postgres
--

SELECT pg_catalog.setval('venta_detalle_id_venta_detalle_seq', 7, true);


--
-- TOC entry 2076 (class 0 OID 28416)
-- Dependencies: 197 2079
-- Data for Name: ventas; Type: TABLE DATA; Schema: public; Owner: postgres
--

COPY ventas (id_venta, factura, fecha, mesa, cliente, mesero, subtotal, iva, descuento, total, modo_pago) FROM stdin;
\.


--
-- TOC entry 2124 (class 0 OID 0)
-- Dependencies: 198
-- Name: ventas_id_venta_seq; Type: SEQUENCE SET; Schema: public; Owner: postgres
--

SELECT pg_catalog.setval('ventas_id_venta_seq', 10, true);


--
-- TOC entry 1884 (class 2606 OID 28441)
-- Dependencies: 164 164 2080
-- Name: categoria_pk; Type: CONSTRAINT; Schema: public; Owner: postgres; Tablespace: 
--

ALTER TABLE ONLY categoria
    ADD CONSTRAINT categoria_pk PRIMARY KEY (id);


--
-- TOC entry 1916 (class 2606 OID 28443)
-- Dependencies: 195 195 2080
-- Name: id_detalle_venta_pk; Type: CONSTRAINT; Schema: public; Owner: postgres; Tablespace: 
--

ALTER TABLE ONLY venta_detalle
    ADD CONSTRAINT id_detalle_venta_pk PRIMARY KEY (id_venta_detalle);


--
-- TOC entry 1886 (class 2606 OID 28445)
-- Dependencies: 166 166 2080
-- Name: inventario_pk_p; Type: CONSTRAINT; Schema: public; Owner: postgres; Tablespace: 
--

ALTER TABLE ONLY inventario
    ADD CONSTRAINT inventario_pk_p PRIMARY KEY (id_inventario_p);


--
-- TOC entry 1888 (class 2606 OID 28447)
-- Dependencies: 168 168 2080
-- Name: kardex_pk; Type: CONSTRAINT; Schema: public; Owner: postgres; Tablespace: 
--

ALTER TABLE ONLY kardex
    ADD CONSTRAINT kardex_pk PRIMARY KEY (id_kardex);


--
-- TOC entry 1890 (class 2606 OID 28449)
-- Dependencies: 170 170 2080
-- Name: menu_pk; Type: CONSTRAINT; Schema: public; Owner: postgres; Tablespace: 
--

ALTER TABLE ONLY menu
    ADD CONSTRAINT menu_pk PRIMARY KEY (id_menu);


--
-- TOC entry 1892 (class 2606 OID 28451)
-- Dependencies: 172 172 2080
-- Name: mesa_pk; Type: CONSTRAINT; Schema: public; Owner: postgres; Tablespace: 
--

ALTER TABLE ONLY mesa
    ADD CONSTRAINT mesa_pk PRIMARY KEY (id_mesa);


--
-- TOC entry 1894 (class 2606 OID 28453)
-- Dependencies: 174 174 2080
-- Name: modo_pago_pk; Type: CONSTRAINT; Schema: public; Owner: postgres; Tablespace: 
--

ALTER TABLE ONLY modo_pago
    ADD CONSTRAINT modo_pago_pk PRIMARY KEY (id_modo_pago);


--
-- TOC entry 1908 (class 2606 OID 28455)
-- Dependencies: 188 188 2080
-- Name: producto_categoria; Type: CONSTRAINT; Schema: public; Owner: postgres; Tablespace: 
--

ALTER TABLE ONLY t_producto_categoria
    ADD CONSTRAINT producto_categoria PRIMARY KEY (id);


--
-- TOC entry 1896 (class 2606 OID 28457)
-- Dependencies: 175 175 2080
-- Name: producto_pk; Type: CONSTRAINT; Schema: public; Owner: postgres; Tablespace: 
--

ALTER TABLE ONLY producto
    ADD CONSTRAINT producto_pk PRIMARY KEY (id);


--
-- TOC entry 1898 (class 2606 OID 28459)
-- Dependencies: 177 177 2080
-- Name: provedor_pk; Type: CONSTRAINT; Schema: public; Owner: postgres; Tablespace: 
--

ALTER TABLE ONLY provedor
    ADD CONSTRAINT provedor_pk PRIMARY KEY (id_provedor);


--
-- TOC entry 1902 (class 2606 OID 28461)
-- Dependencies: 181 181 2080
-- Name: receta_det_pk; Type: CONSTRAINT; Schema: public; Owner: postgres; Tablespace: 
--

ALTER TABLE ONLY receta_det
    ADD CONSTRAINT receta_det_pk PRIMARY KEY (id_receta_det);


--
-- TOC entry 1900 (class 2606 OID 28463)
-- Dependencies: 180 180 2080
-- Name: receta_pk; Type: CONSTRAINT; Schema: public; Owner: postgres; Tablespace: 
--

ALTER TABLE ONLY receta
    ADD CONSTRAINT receta_pk PRIMARY KEY (id_receta);


--
-- TOC entry 1904 (class 2606 OID 28465)
-- Dependencies: 184 184 2080
-- Name: rol_soft_menu_pk; Type: CONSTRAINT; Schema: public; Owner: postgres; Tablespace: 
--

ALTER TABLE ONLY rol_soft_menu
    ADD CONSTRAINT rol_soft_menu_pk PRIMARY KEY (id_rol_soft_menu);


--
-- TOC entry 1906 (class 2606 OID 28467)
-- Dependencies: 186 186 2080
-- Name: rol_software_pk; Type: CONSTRAINT; Schema: public; Owner: postgres; Tablespace: 
--

ALTER TABLE ONLY rol_software
    ADD CONSTRAINT rol_software_pk PRIMARY KEY (id);


--
-- TOC entry 1910 (class 2606 OID 28469)
-- Dependencies: 190 190 2080
-- Name: unidad_pk; Type: CONSTRAINT; Schema: public; Owner: postgres; Tablespace: 
--

ALTER TABLE ONLY unidad
    ADD CONSTRAINT unidad_pk PRIMARY KEY (id_unidad);


--
-- TOC entry 1912 (class 2606 OID 28471)
-- Dependencies: 192 192 2080
-- Name: usuario_pk; Type: CONSTRAINT; Schema: public; Owner: postgres; Tablespace: 
--

ALTER TABLE ONLY usuario
    ADD CONSTRAINT usuario_pk PRIMARY KEY (usuario);


--
-- TOC entry 1914 (class 2606 OID 28473)
-- Dependencies: 193 193 2080
-- Name: usuario_rol_software_pk; Type: CONSTRAINT; Schema: public; Owner: postgres; Tablespace: 
--

ALTER TABLE ONLY usuario_rol_software
    ADD CONSTRAINT usuario_rol_software_pk PRIMARY KEY (id_usuario_rol_software);


--
-- TOC entry 1918 (class 2606 OID 28475)
-- Dependencies: 197 197 2080
-- Name: ventas_pk; Type: CONSTRAINT; Schema: public; Owner: postgres; Tablespace: 
--

ALTER TABLE ONLY ventas
    ADD CONSTRAINT ventas_pk PRIMARY KEY (id_venta);


--
-- TOC entry 1929 (class 2606 OID 28476)
-- Dependencies: 188 164 1883 2080
-- Name: categoria_producto_categoria_fk; Type: FK CONSTRAINT; Schema: public; Owner: postgres
--

ALTER TABLE ONLY t_producto_categoria
    ADD CONSTRAINT categoria_producto_categoria_fk FOREIGN KEY (id_categoria) REFERENCES categoria(id);


--
-- TOC entry 1922 (class 2606 OID 28481)
-- Dependencies: 170 170 1889 2080
-- Name: menu_menu_fk; Type: FK CONSTRAINT; Schema: public; Owner: postgres
--

ALTER TABLE ONLY menu
    ADD CONSTRAINT menu_menu_fk FOREIGN KEY (parent_id_menu) REFERENCES menu(id_menu);


--
-- TOC entry 1927 (class 2606 OID 28486)
-- Dependencies: 184 170 1889 2080
-- Name: menu_rol_soft_menu_fk; Type: FK CONSTRAINT; Schema: public; Owner: postgres
--

ALTER TABLE ONLY rol_soft_menu
    ADD CONSTRAINT menu_rol_soft_menu_fk FOREIGN KEY (menu) REFERENCES menu(id_menu);


--
-- TOC entry 1935 (class 2606 OID 28491)
-- Dependencies: 197 172 1891 2080
-- Name: mesa_ventas_fk; Type: FK CONSTRAINT; Schema: public; Owner: postgres
--

ALTER TABLE ONLY ventas
    ADD CONSTRAINT mesa_ventas_fk FOREIGN KEY (mesa) REFERENCES mesa(id_mesa);


--
-- TOC entry 1936 (class 2606 OID 28496)
-- Dependencies: 197 174 1893 2080
-- Name: modo_pago_ventas_fk; Type: FK CONSTRAINT; Schema: public; Owner: postgres
--

ALTER TABLE ONLY ventas
    ADD CONSTRAINT modo_pago_ventas_fk FOREIGN KEY (modo_pago) REFERENCES modo_pago(id_modo_pago);


--
-- TOC entry 1920 (class 2606 OID 28501)
-- Dependencies: 168 175 1895 2080
-- Name: producto_inventario_fk; Type: FK CONSTRAINT; Schema: public; Owner: postgres
--

ALTER TABLE ONLY kardex
    ADD CONSTRAINT producto_inventario_fk FOREIGN KEY (producto_kardex) REFERENCES producto(id);


--
-- TOC entry 1919 (class 2606 OID 28506)
-- Dependencies: 1895 166 175 2080
-- Name: producto_inventario_fk1; Type: FK CONSTRAINT; Schema: public; Owner: postgres
--

ALTER TABLE ONLY inventario
    ADD CONSTRAINT producto_inventario_fk1 FOREIGN KEY (producto_inventario) REFERENCES producto(id);


--
-- TOC entry 1930 (class 2606 OID 28511)
-- Dependencies: 188 1895 175 2080
-- Name: producto_producto_categoria_fk; Type: FK CONSTRAINT; Schema: public; Owner: postgres
--

ALTER TABLE ONLY t_producto_categoria
    ADD CONSTRAINT producto_producto_categoria_fk FOREIGN KEY (id_producto) REFERENCES producto(id);


--
-- TOC entry 1925 (class 2606 OID 28516)
-- Dependencies: 175 1895 181 2080
-- Name: producto_receta_det_fk; Type: FK CONSTRAINT; Schema: public; Owner: postgres
--

ALTER TABLE ONLY receta_det
    ADD CONSTRAINT producto_receta_det_fk FOREIGN KEY (producto_receta) REFERENCES producto(id);


--
-- TOC entry 1933 (class 2606 OID 28521)
-- Dependencies: 195 175 1895 2080
-- Name: producto_venta_detalle_fk; Type: FK CONSTRAINT; Schema: public; Owner: postgres
--

ALTER TABLE ONLY venta_detalle
    ADD CONSTRAINT producto_venta_detalle_fk FOREIGN KEY (producto) REFERENCES producto(id);


--
-- TOC entry 1921 (class 2606 OID 28526)
-- Dependencies: 168 177 1897 2080
-- Name: provedor_inventario_fk; Type: FK CONSTRAINT; Schema: public; Owner: postgres
--

ALTER TABLE ONLY kardex
    ADD CONSTRAINT provedor_inventario_fk FOREIGN KEY (provedor) REFERENCES provedor(id_provedor);


--
-- TOC entry 1923 (class 2606 OID 28531)
-- Dependencies: 175 180 1899 2080
-- Name: receta_producto_fk; Type: FK CONSTRAINT; Schema: public; Owner: postgres
--

ALTER TABLE ONLY producto
    ADD CONSTRAINT receta_producto_fk FOREIGN KEY (receta_fk) REFERENCES receta(id_receta);


--
-- TOC entry 1926 (class 2606 OID 28536)
-- Dependencies: 181 180 1899 2080
-- Name: receta_receta_det_fk; Type: FK CONSTRAINT; Schema: public; Owner: postgres
--

ALTER TABLE ONLY receta_det
    ADD CONSTRAINT receta_receta_det_fk FOREIGN KEY (receta) REFERENCES receta(id_receta);


--
-- TOC entry 1928 (class 2606 OID 28541)
-- Dependencies: 184 186 1905 2080
-- Name: rol_software_rol_soft_menu_fk; Type: FK CONSTRAINT; Schema: public; Owner: postgres
--

ALTER TABLE ONLY rol_soft_menu
    ADD CONSTRAINT rol_software_rol_soft_menu_fk FOREIGN KEY (rol) REFERENCES rol_software(id);


--
-- TOC entry 1931 (class 2606 OID 28546)
-- Dependencies: 193 186 1905 2080
-- Name: rol_software_usuario_rol_software_fk; Type: FK CONSTRAINT; Schema: public; Owner: postgres
--

ALTER TABLE ONLY usuario_rol_software
    ADD CONSTRAINT rol_software_usuario_rol_software_fk FOREIGN KEY (id_rol) REFERENCES rol_software(id);


--
-- TOC entry 1924 (class 2606 OID 28551)
-- Dependencies: 175 190 1909 2080
-- Name: unidad_producto_fk; Type: FK CONSTRAINT; Schema: public; Owner: postgres
--

ALTER TABLE ONLY producto
    ADD CONSTRAINT unidad_producto_fk FOREIGN KEY (unidad) REFERENCES unidad(id_unidad);


--
-- TOC entry 1932 (class 2606 OID 28556)
-- Dependencies: 193 192 1911 2080
-- Name: usuario_usuario_rol_software_fk; Type: FK CONSTRAINT; Schema: public; Owner: postgres
--

ALTER TABLE ONLY usuario_rol_software
    ADD CONSTRAINT usuario_usuario_rol_software_fk FOREIGN KEY (usuario) REFERENCES usuario(usuario);


--
-- TOC entry 1937 (class 2606 OID 28561)
-- Dependencies: 197 192 1911 2080
-- Name: usuario_ventas_fk; Type: FK CONSTRAINT; Schema: public; Owner: postgres
--

ALTER TABLE ONLY ventas
    ADD CONSTRAINT usuario_ventas_fk FOREIGN KEY (mesero) REFERENCES usuario(usuario);


--
-- TOC entry 1938 (class 2606 OID 28566)
-- Dependencies: 1911 197 192 2080
-- Name: usuario_ventas_fk1; Type: FK CONSTRAINT; Schema: public; Owner: postgres
--

ALTER TABLE ONLY ventas
    ADD CONSTRAINT usuario_ventas_fk1 FOREIGN KEY (cliente) REFERENCES usuario(usuario);


--
-- TOC entry 1934 (class 2606 OID 28571)
-- Dependencies: 1917 197 195 2080
-- Name: ventas_venta_detalle_fk; Type: FK CONSTRAINT; Schema: public; Owner: postgres
--

ALTER TABLE ONLY venta_detalle
    ADD CONSTRAINT ventas_venta_detalle_fk FOREIGN KEY (venta) REFERENCES ventas(id_venta);


--
-- TOC entry 2085 (class 0 OID 0)
-- Dependencies: 6
-- Name: public; Type: ACL; Schema: -; Owner: postgres
--

REVOKE ALL ON SCHEMA public FROM PUBLIC;
REVOKE ALL ON SCHEMA public FROM postgres;
GRANT ALL ON SCHEMA public TO postgres;
GRANT ALL ON SCHEMA public TO PUBLIC;


-- Completed on 2015-08-03 18:23:40

--
-- PostgreSQL database dump complete
--

